# Force non-www canonical domain
http://www.smartfirm.io/*   https://smartfirm.io/:splat 301!
https://www.smartfirm.io/*  https://smartfirm.io/:splat 301!

# Redirect Netlify subdomain to custom domain
https://newsmartfirmwebsite.netlify.app/* https://smartfirm.io/:splat 301!

# Subdomain redirects (solutions.smartfirm.io)
https://solutions.smartfirm.io/solutions/test-page/  https://smartfirm.io/solutions/  301!
https://solutions.smartfirm.io/sample-page/  https://smartfirm.io/solutions/  301!
https://solutions.smartfirm.io/2025/07/31/hello-world/  https://smartfirm.io/resources/  301!
https://solutions.smartfirm.io/*   https://smartfirm.io/solutions/   301

# Legacy URL redirects from old site
/home  /  301
/about-us  /about/  301
/demo  /get-started/  301
/book-demo  /get-started/  301
/demo-call-calendar  /get-started/  301
/terms-of-service  /terms/  301
/smartfirm.io/privacy  /privacy/  301
/smartfirm.io/home  /  301
/services/white-glove-onboarding-support  /services/add-ons/  301
/services/voice-ai  /services/ai-transformation-roadmap/  301
/services/funnels-and-automations  /services/marketing-automation-for-accounting-firms/  301
/services/automated-leadfollowup  /services/automated-lead-follow-up-for-cpas/  301
/services/social-media-content-plan-management  /services/social-media-management-for-cpas/  301
/services/ai-seo-optimization  /services/seo-for-accounting-firms/  301
/services/ai-review-management-for-accountants  /services/automated-review-generation-for-cpas/  301
/services/ai-review-management  /services/automated-review-generation-for-cpas/  301
/checkout  /get-started/  301
/smartfirm.io/terms  /terms/  301
/audit-landingpage  /get-started/  301
/smartfirm-audit-landingpage  /get-started/  301
/success-stories  /about/  301

# Junk URLs - return 410 Gone (permanently removed)
/linktree---fitness-guide-6249    /gone.html             410
/search                           /gone.html             410
/yourbackstage.io/*              /gone.html             410
/app.yourbackstage.io            /gone.html             410
/_preview/*                       /gone.html             410
/tmp/*                            /gone.html             410
/post                             /gone.html             410

# Old long slug redirects to new clean URLs
/leading-marketing-services-for-accounting-firms  /services/  301
/solutions-expert-marketing-agency-for-accounting-firms  /solutions/  301
/industries-expert-marketing-agency-for-accountants  /industries/  301
/services/all-professional-marketing-services-for-accounting-firms  /all-services/  301
/quick-start-marketing-for-cpa-firms  /quick-start/  301
/quick-start-marketing-for-cpa-firms-marketing-package-for-cpa-firms  /quick-start/  301
/tools-marketing-tools-for-accounting-firms  /tools/  301
/growth-calculator-accounting-firm-growth-calculator  /growth-calculator/  301

# Solution page redirects
/solutions/grow-accounting-firm-without-chaos  /solutions/grow-without-growing-pains/  301
/solutions/grow-without-growing-pains-accounting-firm-growth-consulting  /solutions/grow-without-growing-pains/  301
/solutions/sustainable-growth  /solutions/grow-without-growing-pains/  301
/solutions/protect-accounting-practice-from-threats  /solutions/protect-practice-and-future/  301
/solutions/protect-your-practice  /solutions/protect-practice-and-future/  301
/solutions/protect-your-practice-cpa-practice-management-services  /solutions/protect-practice-and-future/  301
/solutions/i-want-to-scale-my-firm  /solutions/scale-accounting-firm-successfully/  301
/solutions/scale-firm-scale-accounting-firm  /solutions/scale-accounting-firm-successfully/  301
/solutions/scale-firm  /solutions/scale-accounting-firm-successfully/  301
/solutions/client-retention-strategies-for-cpas  /solutions/stop-losing-clients-to-tech-savvy-cpas/  301
/solutions/i'm-losing-clients-to-competitors  /solutions/stop-losing-clients-to-tech-savvy-cpas/  301
/solutions/i%27m-losing-clients-to-competitors  /solutions/stop-losing-clients-to-tech-savvy-cpas/  301
/solutions/client-retention  /solutions/stop-losing-clients-to-tech-savvy-cpas/  301
/solutions/advanced-retention-strategies-for-cpas  /solutions/stop-losing-clients-to-tech-savvy-cpas/  301
/solutions/i-need-better-client-retention  /solutions/stop-losing-clients-to-tech-savvy-cpas/  301
/solutions/retention-strategies-advanced-retention-strategies-for-cpas  /solutions/stop-losing-clients-to-tech-savvy-cpas/  301
/solutions/retention-strategies  /solutions/stop-losing-clients-to-tech-savvy-cpas/  301
/solutions/work-less-earn-more-strategies-for-cpas  /solutions/work-less-earn-more/  301
/solutions/work-less-earn-more-business-optimization-for-cpas  /solutions/work-less-earn-more/  301
/solutions/referral-strategies-for-cpa-growth  /solutions/get-more-referrals-without-asking/  301
/solutions/referral-generation-automated-referral-strategies-for-cpas  /solutions/get-more-referrals-without-asking/  301
/solutions/referral-generation  /solutions/get-more-referrals-without-asking/  301

# Industry page redirects
/industries/tax-preparation-marketing  /industries/tax-preparation-marketing-solutions/  301
/industries/tax-preparation  /industries/tax-preparation-marketing-solutions/  301
/industries/marketing-for-tax-preparation-firms  /industries/tax-preparation-marketing-solutions/  301
/industries/bookkeeping-services-marketing  /industries/bookkeeping-services-marketing-automation/  301
/industries/bookkeeping-services  /industries/bookkeeping-services-marketing-automation/  301
/industries/marketing-for-bookkeeping-firms  /industries/bookkeeping-services-marketing-automation/  301
/industries/business-advisory-marketing  /industries/business-advisory-marketing-services/  301
/industries/business-advisory  /industries/business-advisory-marketing-services/  301
/industries/marketing-for-cfo-advisory-firms  /industries/business-advisory-marketing-services/  301
/industries/audit-assurance-marketing  /industries/audit-assurance-marketing-agency/  301
/industries/audit-assurance  /industries/audit-assurance-marketing-agency/  301
/industries/marketing-for-audit-and-assurance-firms  /industries/audit-assurance-marketing-agency/  301

# Service page redirects
/services/marketing-automation  /services/marketing-automation-for-accounting-firms/  301
/services/technology-consulting  /services/accounting-firm-technology-consulting/  301
/services/business-optimization  /services/business-optimization-for-accounting-firms/  301
/services/fractional-cio  /services/fractional-cio-for-accounting-firms/  301
/services/automated-lead-follow-up  /services/automated-lead-follow-up-for-cpas/  301
/services/review-generation  /services/automated-review-generation-for-cpas/  301
/services/seo  /services/seo-for-accounting-firms/  301
/services/social-media  /services/social-media-management-for-cpas/  301
/services/email-marketing  /services/email-marketing-for-cpas/  301
/services/website-design  /services/professional-website-design-for-accounting-firms/  301
/services/content-marketing  /services/strategic-content-marketing-for-cpas/  301
/services/reputation-management  /services/reputation-management-for-cpas/  301
/services/marketing-strategy  /services/marketing-strategy-integration-for-accounting-firms/  301

# Tool page redirects
/tools/efficiency-quiz-accounting-firm-efficiency-assessment  /tools/efficiency-quiz/  301
/tools/marketing-scorecard-cpa-marketing-assessment  /tools/marketing-scorecard/  301
/tools/roi-calculator-marketing-roi-calculator-for-cpas  /tools/roi-calculator/  301
/tools/automation-readiness-quiz-accounting-firm-automation-assessment  /tools/automation-readiness-quiz/  301
/tools/workflow-bottleneck-finder-accounting-firm-workflow-assessment  /tools/workflow-bottleneck-finder/  301
/tools/client-lifetime-value-calculator-accounting-client-ltv-calculator  /tools/client-lifetime-value-calculator/  301
/tools/lead-generation-scorecard-accounting-firm-lead-gen-assessment  /tools/lead-generation-scorecard/  301
/tools/tech-stack-roi-calculator-accounting-firm-technology-roi  /tools/tech-stack-roi-calculator/  301
/tools/modern-firm-quiz-modern-accounting-firm-assessment  /tools/modern-firm-quiz/  301
/tools/growth-potential-scorecard-accounting-firm-growth-scorecard  /tools/growth-potential-scorecard/  301
/tools/seo-audit-advanced-seo-assessment-for-cpas  /tools/seo-audit/  301
/tools/page-grader-website-page-audit-for-accountants  /tools/page-grader/  301

# Trailing slash enforcement for blog and FAQ routes
# Ensures crawlers consistently hit canonical URLs
/blog/:slug  /blog/:slug/  301
/faq/:slug   /faq/:slug/   301

# Trailing slash consistency: Netlify Pretty URLs adds slashes, so all destinations now include them

# SPA fallback - MUST BE LAST
/* /index.html 200
